id,Tg,FFV,Tc,Density,Rg
1109053969,155.43344,0.37356958,0.0795362,1.1590328,15.756087
1422188626,149.40883,0.37153062,0.07840173,1.138112,14.627932
2032016830,80.258545,0.36751875,0.1902126,1.0528758,14.128682
